{"cameraMode":{"drawMode":0,"name":"Shaded","section":"Shading Mode"},"sceneLighting":false,"audioPlay":false,"sceneViewState":{"m_AlwaysRefresh":false,"showFog":true,"showSkybox":false,"showFlares":true,"showImageEffects":true,"showParticleSystems":true,"showVisualEffectGraphs":true,"m_FxEnabled":true},"in2DMode":false,"pivot":{"x":9.174713134765625,"y":2.0272021293640138,"z":-20.514999389648439},"rotation":{"x":0.004156898707151413,"y":-0.9889015555381775,"z":0.028191355988383294,"w":0.14581672847270966},"size":0.5806440711021423,"orthographic":true}