{"cameraMode":{"drawMode":0,"name":"Shaded","section":"Shading Mode"},"sceneLighting":false,"audioPlay":false,"sceneViewState":{"m_AlwaysRefresh":false,"showFog":true,"showSkybox":false,"showFlares":true,"showImageEffects":true,"showParticleSystems":true,"showVisualEffectGraphs":true,"m_FxEnabled":true},"in2DMode":false,"pivot":{"x":9.499835968017579,"y":3.7613515853881838,"z":0.8687305450439453},"rotation":{"x":-0.05240355059504509,"y":0.05240371823310852,"z":0.002753723179921508,"w":0.9972463250160217},"size":2.447080612182617,"orthographic":false}