{"cameraMode":{"drawMode":0,"name":"Shaded","section":"Shading Mode"},"sceneLighting":false,"audioPlay":false,"sceneViewState":{"m_AlwaysRefresh":false,"showFog":true,"showSkybox":false,"showFlares":true,"showImageEffects":true,"showParticleSystems":true,"showVisualEffectGraphs":true,"m_FxEnabled":true},"in2DMode":false,"pivot":{"x":-0.3369731903076172,"y":0.19652462005615235,"z":-0.02933812141418457},"rotation":{"x":0.19398239254951478,"y":0.5921342372894287,"z":-0.14962242543697358,"w":0.7677032947540283},"size":3.689608335494995,"orthographic":true}