{"cameraMode":{"drawMode":0,"name":"Shaded","section":"Shading Mode"},"sceneLighting":false,"audioPlay":false,"sceneViewState":{"m_AlwaysRefresh":false,"showFog":false,"showSkybox":false,"showFlares":false,"showImageEffects":false,"showParticleSystems":false,"showVisualEffectGraphs":true,"m_FxEnabled":true},"in2DMode":false,"pivot":{"x":0.13572120666503907,"y":0.8184762001037598,"z":0.04270648956298828},"rotation":{"x":-0.030650939792394639,"y":0.9521011114120483,"z":-0.1017838642001152,"w":-0.28671330213546755},"size":1.2390319108963013,"orthographic":false}