{"cameraMode":{"drawMode":0,"name":"Shaded","section":"Shading Mode"},"sceneLighting":true,"audioPlay":false,"sceneViewState":{"m_AlwaysRefresh":false,"showFog":true,"showSkybox":true,"showFlares":true,"showImageEffects":true,"showParticleSystems":true,"showVisualEffectGraphs":true,"m_FxEnabled":true},"in2DMode":false,"pivot":{"x":-9.995956420898438,"y":142.46034240722657,"z":209.07809448242188},"rotation":{"x":-0.13573020696640016,"y":0.2244047373533249,"z":-0.03158184140920639,"w":-0.9644920825958252},"size":1016.1949462890625,"orthographic":false}