{"cameraMode":{"drawMode":0,"name":"Shaded","section":"Shading Mode"},"sceneLighting":false,"audioPlay":false,"sceneViewState":{"m_AlwaysRefresh":false,"showFog":false,"showSkybox":false,"showFlares":false,"showImageEffects":false,"showParticleSystems":false,"showVisualEffectGraphs":true,"m_FxEnabled":true},"in2DMode":false,"pivot":{"x":-0.004355102777481079,"y":0.8091621398925781,"z":0.16755419969558717},"rotation":{"x":-0.030650939792394639,"y":0.9521011114120483,"z":-0.1017838642001152,"w":-0.28671330213546755},"size":1.1610335111618043,"orthographic":false}