{"cameraMode":{"drawMode":0,"name":"Shaded","section":"Shading Mode"},"sceneLighting":false,"audioPlay":false,"sceneViewState":{"m_AlwaysRefresh":false,"showFog":true,"showSkybox":false,"showFlares":true,"showImageEffects":true,"showParticleSystems":true,"showVisualEffectGraphs":true,"m_FxEnabled":true},"in2DMode":false,"pivot":{"x":-1.3455138206481934,"y":1.4418621063232422,"z":-0.7377474904060364},"rotation":{"x":-0.021196220070123674,"y":0.8647443652153015,"z":-0.0366058386862278,"w":-0.5004988312721252},"size":1.1842479705810547,"orthographic":false}