{"cameraMode":{"drawMode":0,"name":"Shaded","section":"Shading Mode"},"sceneLighting":false,"audioPlay":false,"sceneViewState":{"m_AlwaysRefresh":false,"showFog":false,"showSkybox":false,"showFlares":false,"showImageEffects":false,"showParticleSystems":false,"showVisualEffectGraphs":true,"m_FxEnabled":true},"in2DMode":false,"pivot":{"x":-0.0006953775882720947,"y":0.9161698818206787,"z":-0.000391155481338501},"rotation":{"x":-0.03181907534599304,"y":0.9661465883255005,"z":-0.14632752537727357,"w":-0.21017099916934968},"size":1.2187165021896363,"orthographic":false}