{"cameraMode":{"drawMode":0,"name":"Shaded","section":"Shading Mode"},"sceneLighting":false,"audioPlay":false,"sceneViewState":{"m_AlwaysRefresh":false,"showFog":true,"showSkybox":false,"showFlares":true,"showImageEffects":true,"showParticleSystems":true,"showVisualEffectGraphs":true,"m_FxEnabled":true},"in2DMode":false,"pivot":{"x":6.936002731323242,"y":2.038858652114868,"z":-13.723999977111817},"rotation":{"x":-0.0008573258528485894,"y":-0.9954133629798889,"z":-0.00895897950977087,"w":0.09525003284215927},"size":0.5923503041267395,"orthographic":true}