{"cameraMode":{"drawMode":0,"name":"Shaded","section":"Shading Mode"},"sceneLighting":false,"audioPlay":false,"sceneViewState":{"m_AlwaysRefresh":false,"showFog":true,"showSkybox":true,"showFlares":true,"showImageEffects":true,"showParticleSystems":true,"showVisualEffectGraphs":true,"m_FxEnabled":true},"in2DMode":false,"pivot":{"x":15.591626167297364,"y":0.14841938018798829,"z":16.683673858642579},"rotation":{"x":0.10777148604393006,"y":0.018786832690238954,"z":-0.002037460682913661,"w":0.9940017461776733},"size":20.741769790649415,"orthographic":false}