{"cameraMode":{"drawMode":0,"name":"Shaded","section":"Shading Mode"},"sceneLighting":true,"audioPlay":false,"sceneViewState":{"m_AlwaysRefresh":false,"showFog":true,"showSkybox":true,"showFlares":true,"showImageEffects":true,"showParticleSystems":true,"showVisualEffectGraphs":true,"m_FxEnabled":true},"in2DMode":false,"pivot":{"x":-0.5235000252723694,"y":0.767300009727478,"z":0.19920000433921815},"rotation":{"x":-0.04057157039642334,"y":0.3762170672416687,"z":-0.016492720693349839,"w":-0.9255028963088989},"size":0.3073950409889221,"orthographic":false}