{"cameraMode":{"drawMode":0,"name":"Shaded","section":"Shading Mode"},"sceneLighting":true,"audioPlay":false,"sceneViewState":{"m_AlwaysRefresh":false,"showFog":true,"showSkybox":true,"showFlares":true,"showImageEffects":true,"showParticleSystems":true,"showVisualEffectGraphs":true,"m_FxEnabled":true},"in2DMode":false,"pivot":{"x":25.723011016845704,"y":-16.066736221313478,"z":52.397071838378909},"rotation":{"x":0.14785553514957429,"y":0.036484476178884509,"z":-0.005457975436002016,"w":0.9883244633674622},"size":58.70337677001953,"orthographic":false}