{"cameraMode":{"drawMode":0,"name":"Shaded","section":"Shading Mode"},"sceneLighting":false,"audioPlay":false,"sceneViewState":{"m_AlwaysRefresh":false,"showFog":true,"showSkybox":true,"showFlares":true,"showImageEffects":true,"showParticleSystems":true,"showVisualEffectGraphs":true,"m_FxEnabled":true},"in2DMode":false,"pivot":{"x":-0.9954246282577515,"y":0.9505171775817871,"z":-1.9980416297912598},"rotation":{"x":-0.0005736325401812792,"y":0.9994215369224548,"z":-0.022490793839097024,"w":-0.02549084462225437},"size":2.3842477798461916,"orthographic":false}