{"cameraMode":{"drawMode":0,"name":"Shaded","section":"Shading Mode"},"sceneLighting":true,"audioPlay":false,"sceneViewState":{"m_AlwaysRefresh":false,"showFog":true,"showSkybox":true,"showFlares":true,"showImageEffects":true,"showParticleSystems":true,"showVisualEffectGraphs":true,"m_FxEnabled":true},"in2DMode":false,"pivot":{"x":0.11883656680583954,"y":1.3946092128753663,"z":-0.37248843908309939},"rotation":{"x":-0.3924836814403534,"y":0.5982950329780579,"z":-0.42157119512557986,"w":-0.557041347026825},"size":1.8073949813842774,"orthographic":false}