{"cameraMode":{"drawMode":0,"name":"Shaded","section":"Shading Mode"},"sceneLighting":false,"audioPlay":false,"sceneViewState":{"m_AlwaysRefresh":false,"showFog":false,"showSkybox":false,"showFlares":false,"showImageEffects":false,"showParticleSystems":false,"showVisualEffectGraphs":true,"m_FxEnabled":true},"in2DMode":false,"pivot":{"x":0.026638254523277284,"y":0.8766595125198364,"z":-0.021930307149887086},"rotation":{"x":-0.030650939792394639,"y":0.9521011114120483,"z":-0.1017838642001152,"w":-0.28671330213546755},"size":1.1157158613204957,"orthographic":false}