{"cameraMode":{"drawMode":0,"name":"Shaded","section":"Shading Mode"},"sceneLighting":false,"audioPlay":false,"sceneViewState":{"m_AlwaysRefresh":false,"showFog":true,"showSkybox":false,"showFlares":true,"showImageEffects":true,"showParticleSystems":true,"showVisualEffectGraphs":true,"m_FxEnabled":true},"in2DMode":false,"pivot":{"x":0.010591179132461548,"y":0.9191451072692871,"z":0.00770530104637146},"rotation":{"x":-0.03181907534599304,"y":0.9661465883255005,"z":-0.14632752537727357,"w":-0.21017099916934968},"size":1.2048600912094117,"orthographic":false}